Date,Open,High,Low,Close,Adj Close,Volume
2020-10-01 00:00:00-04:00,11554.9599609375,11606.73046875,11488.599609375,11583.2001953125,11583.2001953125,3978100000
2020-10-02 00:00:00-04:00,11328.849609375,11479.080078125,11225.169921875,11255.6904296875,11255.6904296875,3715090000
2020-10-05 00:00:00-04:00,11345.240234375,11512.0595703125,11336.0703125,11509.0595703125,11509.0595703125,3597940000
2020-10-06 00:00:00-04:00,11476.6796875,11536.419921875,11256.259765625,11291.26953125,11291.26953125,4360550000
2020-10-07 00:00:00-04:00,11412.650390625,11519.5498046875,11382.48046875,11503.1904296875,11503.1904296875,3891460000
2020-10-08 00:00:00-04:00,11576.4404296875,11582.7802734375,11510.240234375,11550.9404296875,11550.9404296875,3486530000
2020-10-09 00:00:00-04:00,11615.5703125,11727.599609375,11600.8603515625,11725.849609375,11725.849609375,3475620000
2020-10-12 00:00:00-04:00,11900.1201171875,12204.75,11880.23046875,12088.1103515625,12088.1103515625,3862990000
2020-10-13 00:00:00-04:00,12131.0703125,12187.7802734375,12032.75,12083.169921875,12083.169921875,3607730000
2020-10-14 00:00:00-04:00,12105.099609375,12159.2099609375,11913.5703125,11985.3603515625,11985.3603515625,3393010000
2020-10-15 00:00:00-04:00,11767.26953125,11928.6298828125,11765.490234375,11898.5703125,11898.5703125,3304490000
2020-10-16 00:00:00-04:00,11952.1201171875,12034.1298828125,11824.1396484375,11852.169921875,11852.169921875,3156270000
2020-10-19 00:00:00-04:00,11913.009765625,11962.4697265625,11606.48046875,11634.349609375,11634.349609375,3455430000
2020-10-20 00:00:00-04:00,11679.080078125,11801.400390625,11613.759765625,11677.83984375,11677.83984375,3483200000
2020-10-21 00:00:00-04:00,11686.1904296875,11789.4599609375,11646.48046875,11665.3701171875,11665.3701171875,3445520000
2020-10-22 00:00:00-04:00,11712.6396484375,11739.2197265625,11529.73046875,11662.91015625,11662.91015625,3414590000
2020-10-23 00:00:00-04:00,11680.73046875,11693.009765625,11569.08984375,11692.5703125,11692.5703125,3134240000
2020-10-26 00:00:00-04:00,11584.169921875,11708.080078125,11360.73046875,11504.51953125,11504.51953125,3186950000
2020-10-27 00:00:00-04:00,11560.8603515625,11633.490234375,11503.099609375,11598.9501953125,11598.9501953125,3079530000
2020-10-28 00:00:00-04:00,11400.48046875,11426.099609375,11136.099609375,11142.759765625,11142.759765625,3912580000
2020-10-29 00:00:00-04:00,11214.330078125,11467.3701171875,11187.080078125,11350.740234375,11350.740234375,3222460000
2020-10-30 00:00:00-04:00,11265.7001953125,11293.759765625,10960.01953125,11052.9501953125,11052.9501953125,3662840000
2020-11-02 00:00:00-05:00,11152.48046875,11222.51953125,10957.1103515625,11084.759765625,11084.759765625,3196720000
2020-11-03 00:00:00-05:00,11155.849609375,11356.080078125,11115.5498046875,11279.91015625,11279.91015625,3190710000
2020-11-04 00:00:00-05:00,11627.759765625,11846.4599609375,11564.91015625,11777.01953125,11777.01953125,3606820000
2020-11-05 00:00:00-05:00,12021.76953125,12117.0400390625,11977.0703125,12078.0703125,12078.0703125,3823380000
2020-11-06 00:00:00-05:00,12044.2900390625,12116.91015625,11895.5,12091.349609375,12091.349609375,4156030000
2020-11-09 00:00:00-05:00,12194.7099609375,12268.66015625,11818.240234375,11830.3896484375,11830.3896484375,5823620000
2020-11-10 00:00:00-05:00,11704.4599609375,11761.9501953125,11512.4599609375,11624.2900390625,11624.2900390625,4712950000
2020-11-11 00:00:00-05:00,11734.8095703125,11904.1298828125,11714.3203125,11892.9296875,11892.9296875,3823270000
2020-11-12 00:00:00-05:00,11924.150390625,11976.8896484375,11786.08984375,11827.1396484375,11827.1396484375,3862690000
2020-11-13 00:00:00-05:00,11910.6201171875,11957.08984375,11808.9501953125,11937.83984375,11937.83984375,3640680000
2020-11-16 00:00:00-05:00,11925.3603515625,12035.5,11891.849609375,12013.3798828125,12013.3798828125,4138920000
2020-11-17 00:00:00-05:00,12030.26953125,12047.1298828125,11964.2001953125,11977.490234375,11977.490234375,4122770000
2020-11-18 00:00:00-05:00,11963.3603515625,12027.150390625,11892.5400390625,11894.7099609375,11894.7099609375,4699160000
2020-11-19 00:00:00-05:00,11863.1201171875,12000.2900390625,11842.66015625,11985.4296875,11985.4296875,5322580000
2020-11-20 00:00:00-05:00,11976.0,12017.419921875,11903.5703125,11906.4404296875,11906.4404296875,5319340000
2020-11-23 00:00:00-05:00,11959.8896484375,12001.830078125,11817.5302734375,11905.9404296875,11905.9404296875,5360830000
2020-11-24 00:00:00-05:00,11952.7001953125,12094.16015625,11878.3095703125,12079.8095703125,12079.8095703125,6277790000
2020-11-25 00:00:00-05:00,12112.1103515625,12174.990234375,12081.509765625,12152.2197265625,12152.2197265625,4425030000
2020-11-27 00:00:00-05:00,12220.3701171875,12306.7099609375,12214.4501953125,12258.2099609375,12258.2099609375,3401890000
2020-11-30 00:00:00-05:00,12278.7802734375,12299.6103515625,12090.9296875,12268.3203125,12268.3203125,7693430000
2020-12-01 00:00:00-05:00,12387.6201171875,12510.01953125,12338.3603515625,12455.330078125,12455.330078125,6467180000
2020-12-02 00:00:00-05:00,12390.580078125,12472.25,12318.26953125,12456.41015625,12456.41015625,5150820000
2020-12-03 00:00:00-05:00,12469.16015625,12538.919921875,12445.3603515625,12467.1298828125,12467.1298828125,5182100000
2020-12-04 00:00:00-05:00,12479.91015625,12531.2099609375,12450.509765625,12528.48046875,12528.48046875,5044210000
2020-12-07 00:00:00-05:00,12523.5703125,12610.0,12523.1201171875,12596.4697265625,12596.4697265625,4741690000
2020-12-08 00:00:00-05:00,12574.83984375,12651.349609375,12504.9697265625,12635.7197265625,12635.7197265625,4758170000
2020-12-09 00:00:00-05:00,12626.9697265625,12643.240234375,12311.2998046875,12364.6396484375,12364.6396484375,5131720000
2020-12-10 00:00:00-05:00,12268.4697265625,12447.849609375,12226.1298828125,12401.740234375,12401.740234375,4470060000
2020-12-11 00:00:00-05:00,12327.0703125,12378.6103515625,12236.7998046875,12375.41015625,12375.41015625,4268140000
2020-12-14 00:00:00-05:00,12427.8603515625,12544.3095703125,12426.25,12462.2099609375,12462.2099609375,4458140000
2020-12-15 00:00:00-05:00,12565.2802734375,12596.83984375,12467.5703125,12595.919921875,12595.919921875,4377950000
2020-12-16 00:00:00-05:00,12607.8701171875,12698.1103515625,12568.7099609375,12668.16015625,12668.16015625,4561600000
2020-12-17 00:00:00-05:00,12741.6396484375,12760.9697265625,12685.98046875,12752.0595703125,12752.0595703125,4994090000
2020-12-18 00:00:00-05:00,12786.919921875,12793.4697265625,12611.2197265625,12738.1796875,12738.1796875,7088670000
2020-12-21 00:00:00-05:00,12575.599609375,12706.4404296875,12474.0302734375,12690.259765625,12690.259765625,5156470000
2020-12-22 00:00:00-05:00,12715.48046875,12761.23046875,12606.419921875,12717.5595703125,12717.5595703125,5700760000
2020-12-23 00:00:00-05:00,12733.75,12737.58984375,12649.599609375,12653.1396484375,12653.1396484375,7028650000
2020-12-24 00:00:00-05:00,12668.2001953125,12732.5498046875,12665.7998046875,12711.009765625,12711.009765625,3305950000
2020-12-28 00:00:00-05:00,12813.9697265625,12861.91015625,12747.0498046875,12838.8603515625,12838.8603515625,5076340000
2020-12-29 00:00:00-05:00,12909.8603515625,12925.5302734375,12816.58984375,12843.490234375,12843.490234375,4680780000
2020-12-30 00:00:00-05:00,12900.0302734375,12917.4501953125,12828.7900390625,12845.3603515625,12845.3603515625,5292210000
2020-12-31 00:00:00-05:00,12852.9599609375,12904.08984375,12804.75,12888.2802734375,12888.2802734375,4771390000
2021-01-04 00:00:00-05:00,12950.2197265625,12950.2197265625,12537.419921875,12694.66015625,12694.66015625,6546740000
2021-01-05 00:00:00-05:00,12663.1298828125,12809.669921875,12663.1298828125,12802.3798828125,12802.3798828125,6904420000
2021-01-06 00:00:00-05:00,12601.259765625,12803.2900390625,12569.419921875,12623.349609375,12623.349609375,7648340000
2021-01-07 00:00:00-05:00,12745.41015625,12966.6796875,12744.8203125,12939.5703125,12939.5703125,6777010000
2021-01-08 00:00:00-05:00,13037.240234375,13113.08984375,12939.73046875,13105.2001953125,13105.2001953125,7223660000
2021-01-11 00:00:00-05:00,12961.5,13023.2099609375,12883.58984375,12902.490234375,12902.490234375,6876420000
2021-01-12 00:00:00-05:00,12916.099609375,12957.4296875,12783.7099609375,12892.08984375,12892.08984375,7181380000
2021-01-13 00:00:00-05:00,12911.8701171875,13008.849609375,12878.01953125,12973.6298828125,12973.6298828125,7072920000
2021-01-14 00:00:00-05:00,13010.9404296875,13037.0498046875,12886.16015625,12898.6904296875,12898.6904296875,6671090000
2021-01-15 00:00:00-05:00,12898.08984375,12941.2900390625,12758.099609375,12803.9296875,12803.9296875,6402970000
2021-01-19 00:00:00-05:00,12921.6103515625,13012.08984375,12861.2998046875,12996.5400390625,12996.5400390625,6229100000
2021-01-20 00:00:00-05:00,13155.1201171875,13332.259765625,13138.2998046875,13296.4501953125,13296.4501953125,6771630000
2021-01-21 00:00:00-05:00,13356.7001953125,13433.6904296875,13297.7900390625,13404.990234375,13404.990234375,7183390000
2021-01-22 00:00:00-05:00,13356.1796875,13404.76953125,13336.900390625,13366.400390625,13366.400390625,5931240000
2021-01-25 00:00:00-05:00,13515.6298828125,13563.7001953125,13205.58984375,13483.2900390625,13483.2900390625,7139410000
2021-01-26 00:00:00-05:00,13507.4697265625,13536.2998046875,13440.3203125,13490.1904296875,13490.1904296875,6781460000
2021-01-27 00:00:00-05:00,13371.16015625,13393.509765625,13034.1396484375,13112.650390625,13112.650390625,11102160000
2021-01-28 00:00:00-05:00,13163.3203125,13401.849609375,13150.099609375,13201.5302734375,13201.5302734375,9823150000
2021-01-29 00:00:00-05:00,13124.7001953125,13167.8701171875,12845.4296875,12925.3798828125,12925.3798828125,7809670000
2021-02-01 00:00:00-05:00,13067.650390625,13280.2197265625,12983.099609375,13248.900390625,13248.900390625,7014220000
2021-02-02 00:00:00-05:00,13371.3701171875,13501.23046875,13363.759765625,13456.1201171875,13456.1201171875,7240220000
2021-02-03 00:00:00-05:00,13555.0302734375,13561.4501953125,13400.080078125,13402.3701171875,13402.3701171875,7465240000
2021-02-04 00:00:00-05:00,13454.849609375,13563.1298828125,13406.4404296875,13560.8896484375,13560.8896484375,7218680000
2021-02-05 00:00:00-05:00,13592.76953125,13642.9599609375,13527.8095703125,13603.9599609375,13603.9599609375,6697720000
2021-02-08 00:00:00-05:00,13672.330078125,13698.41015625,13607.9599609375,13695.01953125,13695.01953125,8439940000
2021-02-09 00:00:00-05:00,13667.1396484375,13741.7900390625,13664.7001953125,13687.080078125,13687.080078125,8658980000
2021-02-10 00:00:00-05:00,13751.419921875,13770.91015625,13531.9296875,13655.26953125,13655.26953125,10165550000
2021-02-11 00:00:00-05:00,13723.6298828125,13747.2001953125,13637.1904296875,13734.349609375,13734.349609375,10000200000
2021-02-12 00:00:00-05:00,13695.900390625,13816.25,13656.7802734375,13807.7001953125,13807.7001953125,7352960000
2021-02-16 00:00:00-05:00,13841.0302734375,13879.76953125,13726.7802734375,13773.76953125,13773.76953125,7646300000
2021-02-17 00:00:00-05:00,13636.150390625,13713.1396484375,13552.66015625,13699.7099609375,13699.7099609375,7227140000
2021-02-18 00:00:00-05:00,13556.009765625,13669.9404296875,13477.169921875,13637.509765625,13637.509765625,6454280000
2021-02-19 00:00:00-05:00,13686.23046875,13701.6904296875,13545.4501953125,13580.7802734375,13580.7802734375,6686060000
2021-02-22 00:00:00-05:00,13414.0400390625,13447.3701171875,13220.76953125,13223.740234375,13223.740234375,6435100000
2021-02-23 00:00:00-05:00,12982.3603515625,13259.849609375,12758.1201171875,13194.7099609375,13194.7099609375,7482840000
2021-02-24 00:00:00-05:00,13095.8603515625,13312.4296875,12971.8203125,13302.1904296875,13302.1904296875,5793430000
2021-02-25 00:00:00-05:00,13197.75,13294.5595703125,12773.759765625,12828.3095703125,12828.3095703125,6335240000
2021-02-26 00:00:00-05:00,12958.9599609375,13090.3603515625,12764.33984375,12909.4404296875,12909.4404296875,5883880000
2021-03-01 00:00:00-05:00,13106.01953125,13293.7802734375,13051.7001953125,13282.9501953125,13282.9501953125,5047710000
2021-03-02 00:00:00-05:00,13297.759765625,13301.6201171875,13052.1201171875,13059.9501953125,13059.9501953125,4920320000
2021-03-03 00:00:00-05:00,13020.099609375,13057.2900390625,12679.8896484375,12683.330078125,12683.330078125,5493960000
2021-03-04 00:00:00-05:00,12655.919921875,12799.080078125,12314.16015625,12464.0,12464.0,7799710000
2021-03-05 00:00:00-05:00,12594.16015625,12700.9599609375,12208.3896484375,12668.509765625,12668.509765625,7696900000
2021-03-08 00:00:00-05:00,12629.5595703125,12718.580078125,12287.5703125,12299.080078125,12299.080078125,5971260000
2021-03-09 00:00:00-05:00,12635.4501953125,12868.51953125,12592.830078125,12794.490234375,12794.490234375,6294910000
2021-03-10 00:00:00-05:00,12950.25,12979.3798828125,12726.849609375,12752.0703125,12752.0703125,5991730000
2021-03-11 00:00:00-05:00,12960.5302734375,13117.8603515625,12920.009765625,13052.900390625,13052.900390625,5956260000
2021-03-12 00:00:00-05:00,12873.3896484375,12943.580078125,12778.1298828125,12937.2900390625,12937.2900390625,5472340000
2021-03-15 00:00:00-04:00,12936.1298828125,13085.009765625,12885.6396484375,13082.5400390625,13082.5400390625,5933440000
2021-03-16 00:00:00-04:00,13156.650390625,13297.48046875,13091.7802734375,13152.2802734375,13152.2802734375,5463770000
2021-03-17 00:00:00-04:00,13024.830078125,13280.2900390625,12950.080078125,13202.3798828125,13202.3798828125,5465500000
2021-03-18 00:00:00-04:00,13006.2900390625,13040.3603515625,12781.5302734375,12789.1396484375,12789.1396484375,5699900000
2021-03-19 00:00:00-04:00,12792.669921875,12906.01953125,12704.0703125,12866.990234375,12866.990234375,7591530000
2021-03-22 00:00:00-04:00,12943.1396484375,13167.4599609375,12943.1396484375,13086.509765625,13086.509765625,5302770000
2021-03-23 00:00:00-04:00,13127.169921875,13180.66015625,12993.5,13017.7900390625,13017.7900390625,5607860000
2021-03-24 00:00:00-04:00,13072.8203125,13077.490234375,12797.849609375,12798.8798828125,12798.8798828125,6184470000
2021-03-25 00:00:00-04:00,12707.580078125,12845.66015625,12627.9296875,12780.509765625,12780.509765625,5608640000
2021-03-26 00:00:00-04:00,12777.26953125,12992.2998046875,12721.66015625,12979.1201171875,12979.1201171875,5195330000
2021-03-29 00:00:00-04:00,12950.509765625,13013.4697265625,12836.599609375,12965.740234375,12965.740234375,4934000000
2021-03-30 00:00:00-04:00,12904.009765625,12929.4599609375,12798.0302734375,12896.5302734375,12896.5302734375,4685320000
2021-03-31 00:00:00-04:00,12970.330078125,13167.0595703125,12966.650390625,13091.4404296875,13091.4404296875,4980670000
2021-04-01 00:00:00-04:00,13268.8798828125,13333.41015625,13255.8203125,13329.51953125,13329.51953125,4553470000
2021-04-05 00:00:00-04:00,13434.0400390625,13623.599609375,13420.8095703125,13598.16015625,13598.16015625,4439970000
2021-04-06 00:00:00-04:00,13567.2001953125,13660.2900390625,13551.599609375,13578.4599609375,13578.4599609375,4038510000
2021-04-07 00:00:00-04:00,13553.900390625,13648.7998046875,13532.6298828125,13616.7001953125,13616.7001953125,4078990000
2021-04-08 00:00:00-04:00,13730.73046875,13763.1796875,13703.509765625,13758.509765625,13758.509765625,4133640000
2021-04-09 00:00:00-04:00,13709.669921875,13849.3095703125,13674.919921875,13845.0595703125,13845.0595703125,3906460000
2021-04-12 00:00:00-04:00,13792.740234375,13839.3896484375,13747.6298828125,13819.349609375,13819.349609375,4230160000
2021-04-13 00:00:00-04:00,13874.580078125,14002.5302734375,13874.580078125,13986.490234375,13986.490234375,4200290000
2021-04-14 00:00:00-04:00,13988.8603515625,13990.5400390625,13782.1796875,13803.91015625,13803.91015625,4102380000
2021-04-15 00:00:00-04:00,13934.8701171875,14040.1103515625,13931.009765625,14026.1904296875,14026.1904296875,4382620000
2021-04-16 00:00:00-04:00,14035.9599609375,14050.3798828125,13966.5400390625,14041.91015625,14041.91015625,4414640000
2021-04-19 00:00:00-04:00,13970.830078125,14025.6396484375,13835.75,13907.669921875,13907.669921875,4349340000
2021-04-20 00:00:00-04:00,13891.9599609375,13934.8896484375,13730.58984375,13809.2998046875,13809.2998046875,4229410000
2021-04-21 00:00:00-04:00,13768.919921875,13939.7001953125,13717.4404296875,13935.150390625,13935.150390625,3967090000
2021-04-22 00:00:00-04:00,13920.8798828125,13954.0302734375,13716.759765625,13762.3603515625,13762.3603515625,4397030000
2021-04-23 00:00:00-04:00,13794.490234375,13989.4296875,13789.4501953125,13941.4404296875,13941.4404296875,4332500000
2021-04-26 00:00:00-04:00,13954.9404296875,14039.400390625,13919.9296875,14026.16015625,14026.16015625,4479480000
2021-04-27 00:00:00-04:00,14048.1298828125,14048.33984375,13931.1796875,13960.2802734375,13960.2802734375,4665430000
2021-04-28 00:00:00-04:00,13953.6103515625,13992.080078125,13895.150390625,13901.6201171875,13901.6201171875,4532050000
2021-04-29 00:00:00-04:00,14063.9404296875,14073.48046875,13836.099609375,13970.2001953125,13970.2001953125,4854340000
2021-04-30 00:00:00-04:00,13857.7900390625,13969.2099609375,13838.8203125,13860.759765625,13860.759765625,4762770000
2021-05-03 00:00:00-04:00,13923.0400390625,13955.0,13784.66015625,13799.7197265625,13799.7197265625,4718850000
2021-05-04 00:00:00-04:00,13680.6298828125,13705.3798828125,13396.1103515625,13544.669921875,13544.669921875,5852850000
2021-05-05 00:00:00-04:00,13649.1201171875,13676.8603515625,13478.580078125,13503.3701171875,13503.3701171875,4517100000
2021-05-06 00:00:00-04:00,13490.9404296875,13617.33984375,13403.4599609375,13613.73046875,13613.73046875,5000710000
2021-05-07 00:00:00-04:00,13715.5595703125,13814.650390625,13669.7802734375,13719.6298828125,13719.6298828125,4376800000
2021-05-10 00:00:00-04:00,13647.73046875,13648.490234375,13358.6201171875,13359.080078125,13359.080078125,4795690000
2021-05-11 00:00:00-04:00,13102.6396484375,13381.66015625,13094.759765625,13351.26953125,13351.26953125,4719720000
2021-05-12 00:00:00-04:00,13155.0703125,13236.8896484375,12967.1796875,13001.6298828125,13001.6298828125,4730740000
2021-05-13 00:00:00-04:00,13133.73046875,13226.6396484375,13006.76953125,13109.150390625,13109.150390625,4681530000
2021-05-14 00:00:00-04:00,13238.990234375,13430.0,13220.1904296875,13393.1201171875,13393.1201171875,4008110000
2021-05-17 00:00:00-04:00,13329.8603515625,13350.1396484375,13196.5703125,13312.91015625,13312.91015625,3980630000
2021-05-18 00:00:00-04:00,13352.259765625,13400.51953125,13212.849609375,13217.6796875,13217.6796875,4283680000
2021-05-19 00:00:00-04:00,12998.5302734375,13243.98046875,12994.349609375,13237.91015625,13237.91015625,4314980000
2021-05-20 00:00:00-04:00,13294.58984375,13526.009765625,13293.099609375,13494.08984375,13494.08984375,3972730000
2021-05-21 00:00:00-04:00,13573.2197265625,13573.83984375,13401.5302734375,13411.740234375,13411.740234375,3704590000
2021-05-24 00:00:00-04:00,13504.3896484375,13687.6103515625,13500.1201171875,13641.75,13641.75,3490650000
2021-05-25 00:00:00-04:00,13701.2998046875,13734.41015625,13614.5400390625,13657.73046875,13657.73046875,4084480000
2021-05-26 00:00:00-04:00,13687.7099609375,13726.0595703125,13661.0595703125,13702.740234375,13702.740234375,4231140000
2021-05-27 00:00:00-04:00,13686.8603515625,13724.759765625,13652.1298828125,13657.849609375,13657.849609375,5057550000
2021-05-28 00:00:00-04:00,13717.0,13765.7998046875,13684.830078125,13686.509765625,13686.509765625,4435220000
2021-06-01 00:00:00-04:00,13764.26953125,13773.4501953125,13602.1201171875,13654.58984375,13654.58984375,4155670000
2021-06-02 00:00:00-04:00,13655.7099609375,13712.6796875,13610.16015625,13675.7900390625,13675.7900390625,5059810000
2021-06-03 00:00:00-04:00,13568.91015625,13608.5400390625,13469.849609375,13529.6796875,13529.6796875,5367460000
2021-06-04 00:00:00-04:00,13619.7900390625,13784.76953125,13613.580078125,13770.76953125,13770.76953125,4341800000
2021-06-07 00:00:00-04:00,13744.150390625,13808.419921875,13710.1103515625,13802.8896484375,13802.8896484375,4602940000
2021-06-08 00:00:00-04:00,13873.4599609375,13913.400390625,13746.419921875,13810.8603515625,13810.8603515625,5894140000
2021-06-09 00:00:00-04:00,13865.509765625,13900.7099609375,13811.0498046875,13814.9404296875,13814.9404296875,5607720000
2021-06-10 00:00:00-04:00,13834.259765625,13962.98046875,13817.830078125,13960.349609375,13960.349609375,4889500000
2021-06-11 00:00:00-04:00,13959.4697265625,13998.650390625,13934.0,13998.2998046875,13998.2998046875,4140190000
2021-06-14 00:00:00-04:00,14002.1396484375,14129.330078125,13963.9404296875,14128.2001953125,14128.2001953125,4394380000
2021-06-15 00:00:00-04:00,14120.8095703125,14126.259765625,14008.9296875,14030.41015625,14030.41015625,4517770000
2021-06-16 00:00:00-04:00,14053.1201171875,14100.1103515625,13843.599609375,13983.009765625,13983.009765625,4632480000
2021-06-17 00:00:00-04:00,13946.7001953125,14205.4296875,13946.51953125,14163.8095703125,14163.8095703125,4526780000
2021-06-18 00:00:00-04:00,14125.1201171875,14140.6201171875,14024.599609375,14049.580078125,14049.580078125,6105960000
2021-06-21 00:00:00-04:00,14055.0400390625,14150.91015625,13967.8896484375,14137.23046875,14137.23046875,4523120000
2021-06-22 00:00:00-04:00,14140.2998046875,14288.490234375,14128.009765625,14270.419921875,14270.419921875,4405260000
2021-06-23 00:00:00-04:00,14275.08984375,14324.740234375,14247.580078125,14274.240234375,14274.240234375,4394600000
2021-06-24 00:00:00-04:00,14358.2998046875,14429.1396484375,14337.650390625,14365.9599609375,14365.9599609375,4297280000
2021-06-25 00:00:00-04:00,14396.6298828125,14401.7099609375,14324.259765625,14345.1796875,14345.1796875,7436800000
2021-06-28 00:00:00-04:00,14401.6298828125,14530.0703125,14400.58984375,14524.98046875,14524.98046875,4235620000
2021-06-29 00:00:00-04:00,14523.6298828125,14575.1904296875,14481.849609375,14572.75,14572.75,4842860000
2021-06-30 00:00:00-04:00,14560.0703125,14582.2998046875,14530.8701171875,14554.7998046875,14554.7998046875,5264790000
2021-07-01 00:00:00-04:00,14530.6298828125,14576.6396484375,14483.419921875,14560.0498046875,14560.0498046875,4371620000
2021-07-02 00:00:00-04:00,14633.509765625,14738.1396484375,14626.8203125,14727.6298828125,14727.6298828125,3731730000
2021-07-06 00:00:00-04:00,14755.150390625,14797.4501953125,14635.3095703125,14786.3603515625,14786.3603515625,4464780000
2021-07-07 00:00:00-04:00,14889.759765625,14891.1904296875,14735.75,14810.5400390625,14810.5400390625,4582030000
2021-07-08 00:00:00-04:00,14577.669921875,14763.669921875,14551.759765625,14722.1396484375,14722.1396484375,4550600000
2021-07-09 00:00:00-04:00,14709.3203125,14838.7197265625,14685.5400390625,14826.08984375,14826.08984375,3809040000
2021-07-12 00:00:00-04:00,14878.7099609375,14899.4599609375,14813.7900390625,14877.8896484375,14877.8896484375,3864500000
2021-07-13 00:00:00-04:00,14871.0400390625,15002.2802734375,14843.7998046875,14874.5400390625,14874.5400390625,4553380000
2021-07-14 00:00:00-04:00,14984.8603515625,15001.1298828125,14871.73046875,14900.4404296875,14900.4404296875,4461730000
2021-07-15 00:00:00-04:00,14903.490234375,14907.509765625,14717.5498046875,14794.6904296875,14794.6904296875,4493540000
2021-07-16 00:00:00-04:00,14842.080078125,14875.9697265625,14667.099609375,14681.3798828125,14681.3798828125,4048940000
2021-07-19 00:00:00-04:00,14517.9599609375,14578.9599609375,14455.0703125,14549.08984375,14549.08984375,4507040000
2021-07-20 00:00:00-04:00,14601.33984375,14790.599609375,14530.7802734375,14728.2099609375,14728.2099609375,4618980000
2021-07-21 00:00:00-04:00,14723.669921875,14843.169921875,14710.1103515625,14842.6298828125,14842.6298828125,4075150000
2021-07-22 00:00:00-04:00,14865.4697265625,14941.3798828125,14865.4697265625,14940.169921875,14940.169921875,3574560000
2021-07-23 00:00:00-04:00,15004.4296875,15125.83984375,14948.0400390625,15111.7900390625,15111.7900390625,3959410000
2021-07-26 00:00:00-04:00,15088.2802734375,15142.349609375,15048.23046875,15125.9501953125,15125.9501953125,4409960000
2021-07-27 00:00:00-04:00,15103.009765625,15107.740234375,14787.7998046875,14956.9697265625,14956.9697265625,4300000000
2021-07-28 00:00:00-04:00,15005.169921875,15078.849609375,14913.5498046875,15018.099609375,15018.099609375,4235390000
2021-07-29 00:00:00-04:00,15015.2998046875,15091.9599609375,15004.419921875,15048.3603515625,15048.3603515625,3904590000
2021-07-30 00:00:00-04:00,14882.3896484375,14990.8603515625,14882.3896484375,14959.900390625,14959.900390625,3628750000
2021-08-02 00:00:00-04:00,15046.099609375,15059.8896484375,14945.1298828125,14963.6201171875,14963.6201171875,3738200000
2021-08-03 00:00:00-04:00,14997.2001953125,15063.66015625,14864.5302734375,15061.419921875,15061.419921875,4117520000
2021-08-04 00:00:00-04:00,15059.16015625,15117.3798828125,15017.1396484375,15083.3896484375,15083.3896484375,4319400000
2021-08-05 00:00:00-04:00,15105.400390625,15184.26953125,15083.83984375,15181.6396484375,15181.6396484375,4087320000
2021-08-06 00:00:00-04:00,15125.740234375,15162.33984375,15063.01953125,15109.3603515625,15109.3603515625,4159050000
2021-08-09 00:00:00-04:00,15136.1396484375,15154.6796875,15081.75,15133.1103515625,15133.1103515625,4095760000
2021-08-10 00:00:00-04:00,15157.3701171875,15169.4501953125,15010.16015625,15053.580078125,15053.580078125,3978790000
2021-08-11 00:00:00-04:00,15101.8203125,15127.7802734375,14972.599609375,15027.759765625,15027.759765625,3980530000
2021-08-12 00:00:00-04:00,15012.599609375,15097.91015625,14956.25,15088.98046875,15088.98046875,4020260000
2021-08-13 00:00:00-04:00,15101.83984375,15150.48046875,15079.2998046875,15136.6796875,15136.6796875,4038130000
2021-08-16 00:00:00-04:00,15090.0498046875,15142.0302734375,14931.150390625,15140.76953125,15140.76953125,3953840000
2021-08-17 00:00:00-04:00,15018.9404296875,15062.7001953125,14906.2197265625,15002.830078125,15002.830078125,4151190000
2021-08-18 00:00:00-04:00,14975.01953125,15039.900390625,14846.509765625,14857.919921875,14857.919921875,3814120000
2021-08-19 00:00:00-04:00,14773.1904296875,15000.1904296875,14773.1904296875,14933.9404296875,14933.9404296875,4172870000
2021-08-20 00:00:00-04:00,14974.0595703125,15103.9404296875,14968.8701171875,15092.5703125,15092.5703125,3864780000
2021-08-23 00:00:00-04:00,15140.1396484375,15341.4697265625,15140.1396484375,15312.8203125,15312.8203125,3893990000
2021-08-24 00:00:00-04:00,15338.919921875,15384.419921875,15319.5498046875,15357.6796875,15357.6796875,3792870000
2021-08-25 00:00:00-04:00,15384.830078125,15404.3603515625,15341.919921875,15368.919921875,15368.919921875,3629990000
2021-08-26 00:00:00-04:00,15348.98046875,15369.2802734375,15265.23046875,15278.51953125,15278.51953125,3610970000
2021-08-27 00:00:00-04:00,15305.75,15447.0302734375,15292.740234375,15432.9501953125,15432.9501953125,4006310000
2021-08-30 00:00:00-04:00,15460.9296875,15620.6201171875,15459.740234375,15605.08984375,15605.08984375,4034110000
2021-08-31 00:00:00-04:00,15601.33984375,15604.4501953125,15522.7802734375,15582.509765625,15582.509765625,4170170000
2021-09-01 00:00:00-04:00,15637.1298828125,15696.419921875,15603.669921875,15611.5703125,15611.5703125,4248030000
2021-09-02 00:00:00-04:00,15656.2802734375,15681.759765625,15554.2900390625,15604.25,15604.25,4018120000
2021-09-03 00:00:00-04:00,15578.9599609375,15668.1201171875,15554.9697265625,15652.8603515625,15652.8603515625,3692170000
2021-09-07 00:00:00-04:00,15662.2998046875,15701.400390625,15610.23046875,15675.759765625,15675.759765625,3967040000
2021-09-08 00:00:00-04:00,15669.009765625,15669.009765625,15528.4501953125,15620.849609375,15620.849609375,4113530000
2021-09-09 00:00:00-04:00,15639.4404296875,15675.4599609375,15556.740234375,15561.0498046875,15561.0498046875,3997250000
2021-09-10 00:00:00-04:00,15648.0498046875,15673.5,15433.4296875,15440.75,15440.75,4567980000
2021-09-13 00:00:00-04:00,15545.66015625,15562.2802734375,15351.7001953125,15434.5,15434.5,4701190000
2021-09-14 00:00:00-04:00,15505.7802734375,15525.9697265625,15352.0595703125,15382.900390625,15382.900390625,4571950000
2021-09-15 00:00:00-04:00,15419.9501953125,15518.9501953125,15316.400390625,15503.5302734375,15503.5302734375,4446270000
2021-09-16 00:00:00-04:00,15452.669921875,15539.1396484375,15370.8798828125,15515.91015625,15515.91015625,3681700000
2021-09-17 00:00:00-04:00,15481.4296875,15485.2099609375,15291.0400390625,15333.4697265625,15333.4697265625,6682650000
2021-09-20 00:00:00-04:00,15068.650390625,15157.259765625,14821.0302734375,15012.1904296875,15012.1904296875,4860630000
2021-09-21 00:00:00-04:00,15096.9697265625,15139.900390625,14986.98046875,15027.76953125,15027.76953125,4056340000
2021-09-22 00:00:00-04:00,15073.9599609375,15230.33984375,15029.900390625,15176.509765625,15176.509765625,4229870000
2021-09-23 00:00:00-04:00,15231.2001953125,15356.919921875,15199.4296875,15316.580078125,15316.580078125,4176520000
2021-09-24 00:00:00-04:00,15222.9697265625,15345.5400390625,15209.16015625,15329.6796875,15329.6796875,3972140000
2021-09-27 00:00:00-04:00,15205.23046875,15240.580078125,15106.4501953125,15204.8203125,15204.8203125,4619450000
2021-09-28 00:00:00-04:00,15001.98046875,15040.5703125,14758.98046875,14770.2998046875,14770.2998046875,4954270000
2021-09-29 00:00:00-04:00,14835.509765625,14914.919921875,14727.41015625,14752.8896484375,14752.8896484375,5246170000
2021-09-30 00:00:00-04:00,14830.2998046875,14888.2197265625,14684.5498046875,14689.6201171875,14689.6201171875,5910550000
2021-10-01 00:00:00-04:00,14731.3798828125,14830.83984375,14555.1201171875,14791.8701171875,14791.8701171875,4688550000
2021-10-04 00:00:00-04:00,14713.599609375,14727.599609375,14384.9296875,14472.1201171875,14472.1201171875,4539650000
2021-10-05 00:00:00-04:00,14533.4296875,14763.6396484375,14520.23046875,14674.150390625,14674.150390625,4143190000
2021-10-06 00:00:00-04:00,14529.8896484375,14775.6396484375,14499.48046875,14766.75,14766.75,4443760000
2021-10-07 00:00:00-04:00,14899.0703125,15010.3203125,14878.2197265625,14897.1298828125,14897.1298828125,3936210000
2021-10-08 00:00:00-04:00,14942.3603515625,14948.349609375,14805.5,14820.75,14820.75,3557630000
2021-10-11 00:00:00-04:00,14765.6904296875,14907.5703125,14709.0498046875,14713.73046875,14713.73046875,3522230000
2021-10-12 00:00:00-04:00,14772.2900390625,14784.7802734375,14636.330078125,14662.1103515625,14662.1103515625,4037030000
2021-10-13 00:00:00-04:00,14751.7998046875,14800.830078125,14676.580078125,14774.599609375,14774.599609375,4032440000
2021-10-14 00:00:00-04:00,14925.580078125,15059.8896484375,14901.58984375,15052.419921875,15052.419921875,4240520000
2021-10-15 00:00:00-04:00,15106.9697265625,15150.1396484375,15064.58984375,15146.919921875,15146.919921875,4473930000
2021-10-18 00:00:00-04:00,15091.580078125,15307.509765625,15074.7099609375,15300.8896484375,15300.8896484375,4142540000
2021-10-19 00:00:00-04:00,15349.4501953125,15414.9697265625,15320.6201171875,15410.7197265625,15410.7197265625,4443000000
2021-10-20 00:00:00-04:00,15448.0,15457.1103515625,15333.4296875,15388.7099609375,15388.7099609375,4086590000
2021-10-21 00:00:00-04:00,15365.8095703125,15497.580078125,15350.5,15489.58984375,15489.58984375,4880390000
2021-10-22 00:00:00-04:00,15422.0703125,15474.2802734375,15291.9501953125,15355.0703125,15355.0703125,5719760000
2021-10-25 00:00:00-04:00,15417.25,15555.650390625,15338.490234375,15514.1904296875,15514.1904296875,5677320000
2021-10-26 00:00:00-04:00,15615.3603515625,15710.7900390625,15518.58984375,15559.490234375,15559.490234375,7035470000
2021-10-27 00:00:00-04:00,15603.16015625,15729.75,15578.6796875,15598.3896484375,15598.3896484375,6083210000
2021-10-28 00:00:00-04:00,15674.3896484375,15784.0,15650.009765625,15778.16015625,15778.16015625,5660240000
2021-10-29 00:00:00-04:00,15638.740234375,15856.900390625,15638.740234375,15850.4697265625,15850.4697265625,5310370000
2021-11-01 00:00:00-04:00,15879.6103515625,15910.349609375,15785.3095703125,15905.2802734375,15905.2802734375,5239250000
2021-11-02 00:00:00-04:00,15885.33984375,15988.330078125,15877.26953125,15972.490234375,15972.490234375,5118540000
2021-11-03 00:00:00-04:00,16000.599609375,16157.599609375,15950.58984375,16144.5,16144.5,5274520000
2021-11-04 00:00:00-04:00,16193.2197265625,16387.94921875,16169.5595703125,16346.240234375,16346.240234375,5252570000
2021-11-05 00:00:00-04:00,16397.58984375,16454.48046875,16302.0595703125,16359.3798828125,16359.3798828125,5534130000
2021-11-08 00:00:00-05:00,16351.490234375,16401.9296875,16314.0,16336.0302734375,16336.0302734375,5620280000
2021-11-09 00:00:00-05:00,16389.990234375,16401.890625,16168.6298828125,16219.9404296875,16219.9404296875,5531330000
2021-11-10 00:00:00-05:00,16087.01953125,16224.509765625,15905.2802734375,15985.5703125,15985.5703125,5336480000
2021-11-11 00:00:00-05:00,16114.0498046875,16116.25,16019.3896484375,16032.4697265625,16032.4697265625,4520600000
2021-11-12 00:00:00-05:00,16078.1298828125,16218.5498046875,16012.7802734375,16199.8896484375,16199.8896484375,5412870000
2021-11-15 00:00:00-05:00,16227.009765625,16256.73046875,16096.3701171875,16189.1201171875,16189.1201171875,4978040000
2021-11-16 00:00:00-05:00,16170.2900390625,16329.5,16156.6904296875,16309.76953125,16309.76953125,5441150000
2021-11-17 00:00:00-05:00,16329.0703125,16398.94921875,16276.76953125,16308.0703125,16308.0703125,5024540000
2021-11-18 00:00:00-05:00,16398.759765625,16501.919921875,16309.509765625,16482.970703125,16482.970703125,5361690000
2021-11-19 00:00:00-05:00,16558.560546875,16625.859375,16523.830078125,16573.33984375,16573.33984375,4849160000
2021-11-22 00:00:00-05:00,16644.76953125,16764.859375,16374.7802734375,16380.98046875,16380.98046875,5531070000
2021-11-23 00:00:00-05:00,16330.1796875,16417.5,16121.7001953125,16306.7197265625,16306.7197265625,5412610000
2021-11-24 00:00:00-05:00,16202.259765625,16370.5595703125,16106.01953125,16367.8095703125,16367.8095703125,4178630000
2021-11-26 00:00:00-05:00,16237.41015625,16302.580078125,15988.9501953125,16025.580078125,16025.580078125,3502030000
2021-11-29 00:00:00-05:00,16263.4296875,16437.16015625,16214.5595703125,16399.240234375,16399.240234375,4800570000
2021-11-30 00:00:00-05:00,16333.9501953125,16454.560546875,16073.759765625,16135.919921875,16135.919921875,6609380000
2021-12-01 00:00:00-05:00,16347.9599609375,16427.189453125,15864.0,15877.7197265625,15877.7197265625,6266020000
2021-12-02 00:00:00-05:00,15791.2998046875,16066.3203125,15770.919921875,15990.759765625,15990.759765625,5390100000
2021-12-03 00:00:00-05:00,16039.41015625,16089.6103515625,15543.3095703125,15712.0400390625,15712.0400390625,5859520000
2021-12-06 00:00:00-05:00,15744.91015625,15898.58984375,15557.7802734375,15846.16015625,15846.16015625,5095960000
2021-12-07 00:00:00-05:00,16139.5595703125,16343.669921875,16128.4404296875,16325.66015625,16325.66015625,5091220000
2021-12-08 00:00:00-05:00,16313.8798828125,16401.099609375,16250.3896484375,16394.33984375,16394.33984375,4600800000
2021-12-09 00:00:00-05:00,16337.8095703125,16413.279296875,16141.3896484375,16149.5703125,16149.5703125,4484230000
2021-12-10 00:00:00-05:00,16278.2998046875,16339.1201171875,16139.0,16331.98046875,16331.98046875,4395460000
2021-12-13 00:00:00-05:00,16317.900390625,16332.6298828125,16075.5400390625,16082.5498046875,16082.5498046875,4549170000
2021-12-14 00:00:00-05:00,15877.650390625,15995.2099609375,15742.7998046875,15914.900390625,15914.900390625,4802460000
2021-12-15 00:00:00-05:00,15908.4501953125,16301.26953125,15746.9404296875,16289.58984375,16289.58984375,5318850000
2021-12-16 00:00:00-05:00,16335.0302734375,16340.5302734375,15802.6298828125,15863.9404296875,15863.9404296875,4890470000
2021-12-17 00:00:00-05:00,15714.5400390625,15960.25,15664.099609375,15801.4599609375,15801.4599609375,7616320000
2021-12-20 00:00:00-05:00,15566.830078125,15662.6103515625,15508.740234375,15627.6396484375,15627.6396484375,4576750000
2021-12-21 00:00:00-05:00,15794.3798828125,15997.6103515625,15617.48046875,15986.2802734375,15986.2802734375,4546230000
2021-12-22 00:00:00-05:00,15963.5400390625,16186.25,15947.5595703125,16180.1396484375,16180.1396484375,4080900000
2021-12-23 00:00:00-05:00,16203.759765625,16360.75,16188.0302734375,16308.2099609375,16308.2099609375,3918200000
2021-12-27 00:00:00-05:00,16361.0703125,16567.640625,16361.0703125,16567.5,16567.5,3730120000
2021-12-28 00:00:00-05:00,16602.919921875,16607.189453125,16458.490234375,16488.66015625,16488.66015625,3623600000
2021-12-29 00:00:00-05:00,16510.630859375,16548.919921875,16396.16015625,16491.009765625,16491.009765625,3694500000
2021-12-30 00:00:00-05:00,16485.400390625,16569.619140625,16415.119140625,16429.099609375,16429.099609375,3732730000
2021-12-31 00:00:00-05:00,16411.259765625,16464.619140625,16317.259765625,16320.080078125,16320.080078125,3379850000
2022-01-03 00:00:00-05:00,16395.509765625,16504.140625,16306.6396484375,16501.76953125,16501.76953125,4412130000
2022-01-04 00:00:00-05:00,16513.869140625,16513.869140625,16151.900390625,16279.73046875,16279.73046875,5109270000
2022-01-05 00:00:00-05:00,16190.5498046875,16249.23046875,15763.83984375,15771.7802734375,15771.7802734375,5011990000
2022-01-06 00:00:00-05:00,15675.2197265625,15900.599609375,15608.5703125,15765.3603515625,15765.3603515625,4774740000
2022-01-07 00:00:00-05:00,15774.1298828125,15835.0,15526.7998046875,15592.1904296875,15592.1904296875,4229270000
2022-01-10 00:00:00-05:00,15383.1796875,15627.919921875,15165.5302734375,15614.4296875,15614.4296875,5303230000
2022-01-11 00:00:00-05:00,15582.7197265625,15848.5595703125,15496.91015625,15844.1201171875,15844.1201171875,4378660000
2022-01-12 00:00:00-05:00,15955.48046875,16017.3896484375,15815.9501953125,15905.099609375,15905.099609375,4321180000
2022-01-13 00:00:00-05:00,15970.08984375,15990.3798828125,15468.08984375,15495.6201171875,15495.6201171875,4283070000
2022-01-14 00:00:00-05:00,15396.4697265625,15617.1796875,15396.4697265625,15611.58984375,15611.58984375,4345780000
2022-01-18 00:00:00-05:00,15378.0595703125,15446.2998046875,15182.9599609375,15210.759765625,15210.759765625,5027990000
2022-01-19 00:00:00-05:00,15287.25,15382.0,15038.4404296875,15047.83984375,15047.83984375,4639990000
2022-01-20 00:00:00-05:00,15176.3798828125,15347.6201171875,14832.6904296875,14846.4599609375,14846.4599609375,5078450000
2022-01-21 00:00:00-05:00,14728.66015625,14868.4501953125,14432.6396484375,14438.400390625,14438.400390625,5845830000
2022-01-24 00:00:00-05:00,14160.91015625,14532.5703125,13724.849609375,14509.580078125,14509.580078125,6982960000
2022-01-25 00:00:00-05:00,14237.599609375,14410.4296875,14033.8095703125,14149.1201171875,14149.1201171875,4981070000
2022-01-26 00:00:00-05:00,14492.51953125,14646.5400390625,14006.400390625,14172.759765625,14172.759765625,5734390000
2022-01-27 00:00:00-05:00,14346.4599609375,14419.4501953125,13972.8798828125,14003.1103515625,14003.1103515625,5155970000
2022-01-28 00:00:00-05:00,14091.3095703125,14457.7802734375,13880.48046875,14454.6103515625,14454.6103515625,4955960000
2022-01-31 00:00:00-05:00,14505.0703125,14934.51953125,14442.8798828125,14930.0498046875,14930.0498046875,5111460000
2022-02-01 00:00:00-05:00,14966.599609375,15034.419921875,14749.490234375,15019.6796875,15019.6796875,4650460000
2022-02-02 00:00:00-05:00,15173.0302734375,15196.400390625,14960.849609375,15139.740234375,15139.740234375,4647630000
2022-02-03 00:00:00-05:00,14693.849609375,14856.509765625,14471.2001953125,14501.1103515625,14501.1103515625,4306490000
2022-02-04 00:00:00-05:00,14566.2802734375,14832.0498046875,14452.2802734375,14694.349609375,14694.349609375,4104120000
2022-02-07 00:00:00-05:00,14716.4296875,14813.8603515625,14524.6298828125,14571.25,14571.25,4253020000
2022-02-08 00:00:00-05:00,14533.25,14785.2197265625,14485.7802734375,14747.0302734375,14747.0302734375,4277150000
2022-02-09 00:00:00-05:00,14930.990234375,15057.900390625,14870.3603515625,15056.9599609375,15056.9599609375,4713210000
2022-02-10 00:00:00-05:00,14770.6796875,15037.259765625,14636.6201171875,14705.6396484375,14705.6396484375,5191050000
2022-02-11 00:00:00-05:00,14739.4599609375,14769.6396484375,14194.5400390625,14253.83984375,14253.83984375,5222590000
2022-02-14 00:00:00-05:00,14233.400390625,14400.7802734375,14119.73046875,14268.58984375,14268.58984375,4301470000
2022-02-15 00:00:00-05:00,14482.1103515625,14624.5302734375,14444.4599609375,14620.8203125,14620.8203125,4393050000
2022-02-16 00:00:00-05:00,14514.83984375,14647.7900390625,14399.2900390625,14603.6396484375,14603.6396484375,4224060000
2022-02-17 00:00:00-05:00,14485.080078125,14497.4599609375,14155.4296875,14171.740234375,14171.740234375,4259890000
2022-02-18 00:00:00-05:00,14207.5498046875,14225.7197265625,13918.759765625,14009.5400390625,14009.5400390625,4475010000
2022-02-22 00:00:00-05:00,13892.8095703125,14109.259765625,13720.919921875,13870.5302734375,13870.5302734375,4830920000
2022-02-23 00:00:00-05:00,14016.9404296875,14035.9296875,13502.580078125,13509.4296875,13509.4296875,4614090000
2022-02-24 00:00:00-05:00,13065.4404296875,13989.099609375,13065.4404296875,13974.669921875,13974.669921875,6131410000
2022-02-25 00:00:00-05:00,13973.900390625,14193.0,13850.2900390625,14189.16015625,14189.16015625,4614110000
2022-02-28 00:00:00-05:00,14058.6103515625,14296.599609375,14009.3603515625,14237.8095703125,14237.8095703125,5894130000
2022-03-01 00:00:00-05:00,14197.66015625,14271.580078125,13906.919921875,14005.990234375,14005.990234375,6094490000
2022-03-02 00:00:00-05:00,14075.1103515625,14292.7197265625,13962.6904296875,14243.6904296875,14243.6904296875,5229480000
2022-03-03 00:00:00-05:00,14339.7001953125,14342.5595703125,13965.1103515625,14035.2099609375,14035.2099609375,5058590000
2022-03-04 00:00:00-05:00,13957.599609375,13992.9697265625,13738.6103515625,13837.830078125,13837.830078125,5319630000
2022-03-07 00:00:00-05:00,13853.5302734375,13879.099609375,13314.4404296875,13319.3798828125,13319.3798828125,6163580000
2022-03-08 00:00:00-05:00,13275.23046875,13663.26953125,13129.400390625,13267.6103515625,13267.6103515625,6631820000
2022-03-09 00:00:00-05:00,13610.48046875,13793.1103515625,13504.48046875,13742.2001953125,13742.2001953125,5377120000
2022-03-10 00:00:00-05:00,13577.83984375,13633.6904296875,13399.4599609375,13591.0,13591.0,5034030000
2022-03-11 00:00:00-05:00,13701.7998046875,13714.4404296875,13285.1904296875,13301.830078125,13301.830078125,5250230000
2022-03-14 00:00:00-04:00,13248.08984375,13386.669921875,13020.400390625,13046.6396484375,13046.6396484375,5853360000
2022-03-15 00:00:00-04:00,13174.9697265625,13488.1796875,13092.4501953125,13458.5595703125,13458.5595703125,5414590000
2022-03-16 00:00:00-04:00,13633.1201171875,13960.25,13475.08984375,13956.7900390625,13956.7900390625,6498110000
2022-03-17 00:00:00-04:00,13878.990234375,14125.669921875,13827.33984375,14118.599609375,14118.599609375,5575030000
2022-03-18 00:00:00-04:00,14061.2900390625,14427.4697265625,14014.4296875,14420.080078125,14420.080078125,8109950000
2022-03-21 00:00:00-04:00,14377.150390625,14470.6796875,14190.5302734375,14376.08984375,14376.08984375,5636000000
2022-03-22 00:00:00-04:00,14396.0302734375,14688.9697265625,14385.5498046875,14654.330078125,14654.330078125,5400360000
2022-03-23 00:00:00-04:00,14525.2197265625,14681.330078125,14446.0400390625,14447.5498046875,14447.5498046875,4995470000
2022-03-24 00:00:00-04:00,14529.7197265625,14767.73046875,14440.669921875,14765.6904296875,14765.6904296875,5046250000
2022-03-25 00:00:00-04:00,14766.900390625,14805.8798828125,14577.58984375,14754.3095703125,14754.3095703125,5553860000
2022-03-28 00:00:00-04:00,14763.16015625,14989.080078125,14705.919921875,14987.400390625,14987.400390625,5086120000
2022-03-29 00:00:00-04:00,15142.9296875,15265.419921875,15039.6103515625,15239.3203125,15239.3203125,6031870000
2022-03-30 00:00:00-04:00,15177.150390625,15229.009765625,15010.33984375,15071.5498046875,15071.5498046875,5439980000
2022-03-31 00:00:00-04:00,15074.23046875,15088.3798828125,14835.16015625,14838.490234375,14838.490234375,5427030000
2022-04-01 00:00:00-04:00,14886.91015625,14925.9296875,14723.830078125,14861.2099609375,14861.2099609375,4984050000
2022-04-04 00:00:00-04:00,14903.3798828125,15161.8896484375,14884.5703125,15159.580078125,15159.580078125,4598480000
2022-04-05 00:00:00-04:00,15109.26953125,15120.669921875,14782.5703125,14820.6396484375,14820.6396484375,4707090000
2022-04-06 00:00:00-04:00,14600.2998046875,14639.349609375,14395.400390625,14498.8896484375,14498.8896484375,5265740000
2022-04-07 00:00:00-04:00,14469.5,14624.240234375,14315.6904296875,14531.8095703125,14531.8095703125,4822420000
2022-04-08 00:00:00-04:00,14450.5302734375,14490.1904296875,14307.6796875,14327.259765625,14327.259765625,4554890000
2022-04-11 00:00:00-04:00,14149.599609375,14187.669921875,13979.1396484375,13990.2099609375,13990.2099609375,4916860000
2022-04-12 00:00:00-04:00,14175.66015625,14264.740234375,13882.75,13940.240234375,13940.240234375,4965220000
2022-04-13 00:00:00-04:00,13939.6103515625,14258.8095703125,13919.48046875,14217.2900390625,14217.2900390625,4887660000
2022-04-14 00:00:00-04:00,14225.4697265625,14235.3896484375,13884.8203125,13893.2099609375,13893.2099609375,4623410000
2022-04-18 00:00:00-04:00,13859.4697265625,13997.9296875,13788.9599609375,13910.759765625,13910.759765625,4350150000
2022-04-19 00:00:00-04:00,13882.75,14236.509765625,13844.740234375,14210.259765625,14210.259765625,4527480000
2022-04-20 00:00:00-04:00,14246.2001953125,14263.6103515625,13962.8603515625,13998.5302734375,13998.5302734375,4639440000
2022-04-21 00:00:00-04:00,14174.919921875,14277.2099609375,13682.6796875,13720.4501953125,13720.4501953125,5206320000
2022-04-22 00:00:00-04:00,13714.6298828125,13769.400390625,13342.7900390625,13356.8701171875,13356.8701171875,4457380000
2022-04-25 00:00:00-04:00,13275.41015625,13541.76953125,13239.73046875,13533.2197265625,13533.2197265625,4827790000
2022-04-26 00:00:00-04:00,13447.66015625,13447.66015625,13009.650390625,13009.7099609375,13009.7099609375,5136770000
2022-04-27 00:00:00-04:00,13009.400390625,13241.9404296875,12936.41015625,13003.3603515625,13003.3603515625,4773290000
2022-04-28 00:00:00-04:00,13254.9599609375,13542.5595703125,13038.169921875,13456.0595703125,13456.0595703125,5030570000
2022-04-29 00:00:00-04:00,13274.9404296875,13428.5302734375,12835.48046875,12854.7998046875,12854.7998046875,4719290000
2022-05-02 00:00:00-04:00,12864.830078125,13083.5703125,12716.6298828125,13075.849609375,13075.849609375,4896740000
2022-05-03 00:00:00-04:00,13045.349609375,13178.740234375,12982.7001953125,13089.900390625,13089.900390625,4522940000
2022-05-04 00:00:00-04:00,13110.2998046875,13556.669921875,12887.5302734375,13535.7099609375,13535.7099609375,5467750000
2022-05-05 00:00:00-04:00,13344.7900390625,13344.7900390625,12710.58984375,12850.5498046875,12850.5498046875,5269260000
2022-05-06 00:00:00-04:00,12776.8603515625,12926.580078125,12522.76953125,12693.5302734375,12693.5302734375,5311020000
2022-05-09 00:00:00-04:00,12465.91015625,12542.3203125,12136.1904296875,12187.7197265625,12187.7197265625,5911380000
2022-05-10 00:00:00-04:00,12496.83984375,12537.8896484375,12173.4697265625,12345.8603515625,12345.8603515625,6199090000
2022-05-11 00:00:00-04:00,12240.2099609375,12470.8896484375,11939.08984375,11967.5595703125,11967.5595703125,6120860000
2022-05-12 00:00:00-04:00,11790.1298828125,12128.73046875,11692.1201171875,11945.5,11945.5,6647400000
2022-05-13 00:00:00-04:00,12125.9296875,12429.2802734375,12069.1298828125,12387.400390625,12387.400390625,5868610000
2022-05-16 00:00:00-04:00,12297.0703125,12395.509765625,12196.2099609375,12243.580078125,12243.580078125,4898850000
2022-05-17 00:00:00-04:00,12496.6298828125,12572.990234375,12333.990234375,12564.099609375,12564.099609375,5068930000
2022-05-18 00:00:00-04:00,12352.919921875,12389.9599609375,11887.0,11928.3095703125,11928.3095703125,5043020000
2022-05-19 00:00:00-04:00,11872.5595703125,12066.849609375,11795.7900390625,11875.6298828125,11875.6298828125,5136920000
2022-05-20 00:00:00-04:00,12037.0302734375,12044.7001953125,11492.2900390625,11835.6201171875,11835.6201171875,5413140000
2022-05-23 00:00:00-04:00,11867.080078125,12047.8095703125,11785.759765625,12034.2802734375,12034.2802734375,4509640000
2022-05-24 00:00:00-04:00,11807.7802734375,11842.8095703125,11576.1103515625,11769.83984375,11769.83984375,4706300000
2022-05-25 00:00:00-04:00,11732.4501953125,12028.8896484375,11714.26953125,11943.9296875,11943.9296875,4500920000
2022-05-26 00:00:00-04:00,11906.830078125,12337.73046875,11901.8701171875,12276.7900390625,12276.7900390625,4651470000
2022-05-27 00:00:00-04:00,12421.7998046875,12682.580078125,12405.2900390625,12681.419921875,12681.419921875,4774530000
2022-05-31 00:00:00-04:00,12688.9501953125,12762.83984375,12482.3203125,12642.099609375,12642.099609375,6028940000
2022-06-01 00:00:00-04:00,12750.3095703125,12820.4697265625,12457.91015625,12548.3603515625,12548.3603515625,4697810000
2022-06-02 00:00:00-04:00,12498.6298828125,12897.6298828125,12447.76953125,12892.8896484375,12892.8896484375,4422830000
2022-06-03 00:00:00-04:00,12650.3798828125,12724.8095703125,12505.759765625,12548.0302734375,12548.0302734375,4117290000
2022-06-06 00:00:00-04:00,12745.8896484375,12804.4599609375,12534.580078125,12599.6298828125,12599.6298828125,4633950000
2022-06-07 00:00:00-04:00,12456.490234375,12737.2998046875,12413.5595703125,12711.6796875,12711.6796875,4383960000
2022-06-08 00:00:00-04:00,12682.8095703125,12776.650390625,12578.5498046875,12615.1298828125,12615.1298828125,4689310000
2022-06-09 00:00:00-04:00,12543.3701171875,12666.41015625,12265.8603515625,12269.7802734375,12269.7802734375,5382110000
2022-06-10 00:00:00-04:00,12052.58984375,12082.6904296875,11825.349609375,11832.8203125,11832.8203125,5125980000
2022-06-13 00:00:00-04:00,11472.1904296875,11568.650390625,11254.1904296875,11288.3203125,11288.3203125,5912360000
2022-06-14 00:00:00-04:00,11385.1796875,11418.2197265625,11205.919921875,11311.6904296875,11311.6904296875,4802090000
2022-06-15 00:00:00-04:00,11468.1298828125,11751.2900390625,11346.5400390625,11593.76953125,11593.76953125,5346110000
2022-06-16 00:00:00-04:00,11286.8701171875,11311.0498046875,11037.2099609375,11127.5703125,11127.5703125,5667810000
2022-06-17 00:00:00-04:00,11172.650390625,11357.9697265625,11089.9296875,11265.990234375,11265.990234375,7423600000
2022-06-21 00:00:00-04:00,11446.98046875,11638.4697265625,11446.98046875,11546.759765625,11546.759765625,5201450000
2022-06-22 00:00:00-04:00,11427.740234375,11708.080078125,11423.2001953125,11527.7099609375,11527.7099609375,5215100000
2022-06-23 00:00:00-04:00,11622.08984375,11729.6201171875,11515.48046875,11697.6796875,11697.6796875,5238210000
2022-06-24 00:00:00-04:00,11826.9501953125,12112.8203125,11812.1796875,12105.849609375,12105.849609375,9438810000
2022-06-27 00:00:00-04:00,12157.9296875,12175.98046875,11965.669921875,12008.240234375,12008.240234375,5017930000
2022-06-28 00:00:00-04:00,12021.33984375,12133.8701171875,11633.1298828125,11637.76953125,11637.76953125,5397910000
2022-06-29 00:00:00-04:00,11619.009765625,11710.2099609375,11537.7197265625,11658.259765625,11658.259765625,5609230000
2022-06-30 00:00:00-04:00,11532.3203125,11650.9599609375,11322.8603515625,11503.7197265625,11503.7197265625,5620800000
2022-07-01 00:00:00-04:00,11472.6298828125,11592.849609375,11378.6298828125,11585.6796875,11585.6796875,4844560000
2022-07-05 00:00:00-04:00,11419.33984375,11781.740234375,11366.0703125,11779.900390625,11779.900390625,5028520000
2022-07-06 00:00:00-04:00,11807.080078125,11941.3095703125,11727.3603515625,11852.58984375,11852.58984375,4824620000
2022-07-07 00:00:00-04:00,11913.73046875,12137.7099609375,11897.509765625,12109.0498046875,12109.0498046875,4662320000
2022-07-08 00:00:00-04:00,11977.9501953125,12179.3203125,11956.0302734375,12125.6904296875,12125.6904296875,4495900000
2022-07-11 00:00:00-04:00,12008.759765625,12026.0595703125,11830.8896484375,11860.2802734375,11860.2802734375,4343130000
2022-07-12 00:00:00-04:00,11926.83984375,11990.4404296875,11684.01953125,11744.990234375,11744.990234375,4279920000
2022-07-13 00:00:00-04:00,11523.91015625,11819.6904296875,11498.9599609375,11728.5302734375,11728.5302734375,4400730000
2022-07-14 00:00:00-04:00,11637.1796875,11801.1103515625,11488.26953125,11768.400390625,11768.400390625,4456350000
2022-07-15 00:00:00-04:00,11896.150390625,11987.51953125,11828.1298828125,11983.6201171875,11983.6201171875,4342760000
2022-07-18 00:00:00-04:00,12089.6796875,12156.08984375,11836.51953125,11877.5,11877.5,5003870000
2022-07-19 00:00:00-04:00,12046.6904296875,12258.3701171875,11967.919921875,12249.419921875,12249.419921875,5251410000
2022-07-20 00:00:00-04:00,12269.0703125,12488.3896484375,12232.2001953125,12439.6796875,12439.6796875,5427450000
2022-07-21 00:00:00-04:00,12466.1298828125,12620.5,12351.419921875,12619.41015625,12619.41015625,4646260000
2022-07-22 00:00:00-04:00,12575.759765625,12662.8603515625,12322.8203125,12396.4697265625,12396.4697265625,4700220000
2022-07-25 00:00:00-04:00,12391.2099609375,12415.58984375,12244.400390625,12328.41015625,12328.41015625,4261620000
2022-07-26 00:00:00-04:00,12248.2099609375,12259.009765625,12051.2099609375,12086.900390625,12086.900390625,4304110000
2022-07-27 00:00:00-04:00,12299.33984375,12660.76953125,12256.9404296875,12601.4697265625,12601.4697265625,4559800000
2022-07-28 00:00:00-04:00,12580.6103515625,12741.830078125,12433.5498046875,12717.8701171875,12717.8701171875,4892770000
2022-07-29 00:00:00-04:00,12784.2001953125,12986.6396484375,12726.25,12947.9697265625,12947.9697265625,4893090000
2022-08-01 00:00:00-04:00,12877.0400390625,13084.6103515625,12833.16015625,12940.7802734375,12940.7802734375,4373610000
2022-08-02 00:00:00-04:00,12853.0400390625,13073.26953125,12809.009765625,12901.599609375,12901.599609375,4742630000
2022-08-03 00:00:00-04:00,12983.580078125,13289.1904296875,12974.849609375,13253.259765625,13253.259765625,5628590000
2022-08-04 00:00:00-04:00,13253.76953125,13326.7197265625,13170.4404296875,13311.0400390625,13311.0400390625,5408540000
2022-08-05 00:00:00-04:00,13107.4501953125,13286.01953125,13070.3603515625,13207.6904296875,13207.6904296875,4888110000
2022-08-08 00:00:00-04:00,13227.08984375,13394.5400390625,13103.7998046875,13159.16015625,13159.16015625,5190590000
2022-08-09 00:00:00-04:00,13064.240234375,13095.7001953125,12945.599609375,13008.169921875,13008.169921875,5271940000
2022-08-10 00:00:00-04:00,13330.66015625,13386.849609375,13220.0498046875,13378.3203125,13378.3203125,5135480000
2022-08-11 00:00:00-04:00,13471.0302734375,13555.3798828125,13271.349609375,13291.990234375,13291.990234375,5785100000
2022-08-12 00:00:00-04:00,13384.650390625,13565.8701171875,13341.650390625,13565.8701171875,13565.8701171875,4755980000
2022-08-15 00:00:00-04:00,13529.66015625,13685.650390625,13524.5302734375,13667.1796875,13667.1796875,4445180000
2022-08-16 00:00:00-04:00,13617.66015625,13720.91015625,13508.4697265625,13635.2099609375,13635.2099609375,4992400000
2022-08-17 00:00:00-04:00,13499.240234375,13591.580078125,13389.8203125,13470.8603515625,13470.8603515625,5166110000
2022-08-18 00:00:00-04:00,13474.240234375,13553.2802734375,13405.740234375,13505.990234375,13505.990234375,4663920000
2022-08-19 00:00:00-04:00,13370.25,13402.6103515625,13210.8203125,13242.900390625,13242.900390625,4591500000
2022-08-22 00:00:00-04:00,13056.3896484375,13073.0703125,12859.8203125,12890.5400390625,12890.5400390625,4242600000
2022-08-23 00:00:00-04:00,12885.2802734375,13000.7099609375,12852.7001953125,12881.7900390625,12881.7900390625,3815730000
2022-08-24 00:00:00-04:00,12876.23046875,12995.1396484375,12843.580078125,12917.8603515625,12917.8603515625,3896570000
2022-08-25 00:00:00-04:00,12984.740234375,13146.83984375,12951.6103515625,13143.580078125,13143.580078125,4290090000
2022-08-26 00:00:00-04:00,13129.91015625,13175.25,12603.41015625,12605.169921875,12605.169921875,4510480000
2022-08-29 00:00:00-04:00,12488.4599609375,12594.33984375,12440.400390625,12484.3203125,12484.3203125,4183740000
2022-08-30 00:00:00-04:00,12562.400390625,12572.8798828125,12240.8203125,12342.7001953125,12342.7001953125,4630720000
2022-08-31 00:00:00-04:00,12448.0703125,12502.150390625,12268.080078125,12272.0302734375,12272.0302734375,4911500000
2022-09-01 00:00:00-04:00,12158.8798828125,12290.330078125,12012.98046875,12274.6201171875,12274.6201171875,405310000
2022-09-02 00:00:00-04:00,12392.4599609375,12451.2802734375,12035.5302734375,12098.4404296875,12098.4404296875,85400000
2022-09-06 00:00:00-04:00,12106.5703125,12152.419921875,11928.8095703125,12011.3095703125,12011.3095703125,82660000
2022-09-07 00:00:00-04:00,12038.1796875,12298.1201171875,12026.98046875,12259.3896484375,12259.3896484375,81560000
2022-09-08 00:00:00-04:00,12139.5703125,12374.1298828125,12120.259765625,12321.1904296875,12321.1904296875,83630000
2022-09-09 00:00:00-04:00,12424.150390625,12610.4296875,12424.150390625,12588.2900390625,12588.2900390625,81940000
2022-09-12 00:00:00-04:00,12649.23046875,12752.830078125,12639.759765625,12739.7197265625,12739.7197265625,4146680000
2022-09-13 00:00:00-04:00,12364.830078125,12420.009765625,12004.419921875,12033.6201171875,12033.6201171875,5188380000
2022-09-14 00:00:00-04:00,12092.0302734375,12170.25,12016.4296875,12134.400390625,12134.400390625,4861530000
2022-09-15 00:00:00-04:00,12034.4296875,12153.33984375,11867.8798828125,11927.490234375,11927.490234375,4805910000
2022-09-16 00:00:00-04:00,11775.9404296875,11875.08984375,11710.259765625,11861.3798828125,11861.3798828125,7451840000
2022-09-19 00:00:00-04:00,11753.599609375,11956.7900390625,11752.4296875,11953.26953125,11953.26953125,4168670000
2022-09-20 00:00:00-04:00,11855.83984375,11951.1298828125,11761.6904296875,11851.5400390625,11851.5400390625,4028100000
2022-09-21 00:00:00-04:00,11892.7197265625,12062.51953125,11636.25,11637.7900390625,11637.7900390625,4471000000
2022-09-22 00:00:00-04:00,11574.3203125,11617.990234375,11448.8603515625,11501.650390625,11501.650390625,4916470000
2022-09-23 00:00:00-04:00,11398.75,11402.41015625,11169.66015625,11311.240234375,11311.240234375,5134350000
2022-09-26 00:00:00-04:00,11283.1396484375,11473.3603515625,11235.740234375,11254.1103515625,11254.1103515625,4697730000
2022-09-27 00:00:00-04:00,11411.33984375,11502.3798828125,11175.2900390625,11271.75,11271.75,4445050000
2022-09-28 00:00:00-04:00,11258.740234375,11546.8701171875,11210.8095703125,11493.830078125,11493.830078125,4556100000
2022-09-29 00:00:00-04:00,11334.5703125,11339.91015625,11038.9404296875,11164.7802734375,11164.7802734375,4516630000
